#pos_m1, pos_m2, pos_m3 [mm]
99.00004, 25.00003, 25.00003
96.000043, 25.000004, 25.000004
